Rank,Team Name,Spearman Correlation
1,Team YSP ,0.8194337829867196
2,Team AAdaM ,0.7937449499233833
3,Team umbclu ,0.7875373096931991
4,Team CAILMD-23 ,0.7863719980056444
5,Team USTC_NLP ,0.7840590941704285
6,Team silp_nlp ,0.7372234002285827
7,Team ustcctsu ,0.7002226374524371
8,Team HausaNLP ,0.3595038877411098
9,Team MasonTigers ,0.3096251067552677
