Rank,Team Name,Spearman Correlation
1,Team Tu╠êbingen-CL ,0.8374298622622723
2,Team HausaNLP ,0.8189389644613503
2,Team CAILMD-23 ,0.8189389644613503
3,Team IITK ,0.8084445507495078
4,Team YSP ,0.788130018812572
5,Team UAlbertaNLP ,0.77496417533102
6,Team SATLab ,0.7740528594474534
7,Team MasonTigers ,0.7659875909501616
8,Team TSC ,0.7581569441047212
9,Team silp_nlp ,0.3169278106173496
